nome_cientifico,nomes_populares,familia,habito,parte_comestivel,uso_culinario,url;;;;;;;;;;;;;
Cichorium intybus,Chicória-amarga; almeirão-verdadeiro.,Asteraceae,Herbácea;" Subarbustiva.,Parte comestível – método de preparo:,""👨‍🍳Receitas: Café de almeirão (Tua saúde), Almeirão refogado (Tua saúde), Salada de almeirão com iogurte (Tua saúde), Suco de almeirão (Tua saúde)."",https://hortodidatico.ufsc.br/almeirao/";;;;;;;;;;;
Cyclospermum leptophyllum,Gertrudes; aipo-silvestre; mastruço; salsa-do-brejo.,Malvaceae,Herbácea,Parte comestível – método de preparo:,Receitas: Pão com aipo-chimarrão (Matos de Comer),https://hortodidatico.ufsc.br/aipo-chimarrao/;;;;;;;;;;
Ocimum gratissimum,Alfavacão; alfavaca.,Lamiaceae,Arbustiva; Subarbustiva.,Parte comestível – método de preparo:,👨‍🍳Receitas: Antepasto de coração de banana no vapor do alfavacão (Come-se),https://hortodidatico.ufsc.br/alfavaca-cravo-panc/;;;;;;;;;;;
Tulbaghia violacea,Tulbagia,Amaryllidaceae,Herbácea,Parte comestível – método de preparo:,,https://hortodidatico.ufsc.br/alho-social/;;;;;;;;;;;;;
Lactuca indica,Almeirão-do-mato; alface-do-mato; almeirão-do-mato-grosso.,Asteraceae,Herbácea,Parte comestível – método de preparo:,👨‍🍳Receitas: Charutinho PANC (Chefe Raissa Ribeiro),https://hortodidatico.ufsc.br/almeirao-roxo/;;;;;;;;;;;
Terminalia catappa,Sete-copas; chapéu-de-sol; sombreiro; castanhola;" chapéu-de-praia.,Combretaceae,Arbórea,Parte comestível – método de preparo:,""👨‍🍳Receitas: Geleia de amendoeira (Receitas da Margo)"; Marmelada, suco, geleia e merengue com amendoeira (Come-se);" Arroz com amêndoas (Come-se)"",https://hortodidatico.ufsc.br/amendoeira/";;;;;;;
Rubus brasiliensis,Amorinha-do-mato; amora-do-mato.,Rosaceae,Trepadeira,Parte comestível – método de preparo,👨‍🍳Receitas: Geleia de amora branca (Cultura Mix),https://hortodidatico.ufsc.br/amora-branca-2/;;;;;;;;;;;;
Rubus fruticosus,Amora-preta;" amora-silvestre.,Rosaceae,Trepadeira,Parte comestível – método de preparo,""Receitas: Licor de amora silvestre (Oba Gastronomia e Cozinha com Rosto), Cogumelo porcini em cama de couve com salada PANC e pinhão sapecado (Casa Acaé)."",https://hortodidatico.ufsc.br/amora-cultivada-sem-espinho/";;;;;;;;;;;;
Morus nigra,Amora-preta; amora-negra.,Moraceae,Arbustiva;" Arbórea.,Parte comestível – método de preparo,""👨‍🍳Receitas: Salada de amora e queijo fresco (Notícias Magazine), Geleia de amora (Na Cozinha Brasil)"",https://hortodidatico.ufsc.br/amora-de-arvore/";;;;;;;;;;;
Rubus niveus,Amora-preta; framboesa-negra.,Rosaceae,Subarbusto,Parte comestível – método de preparo,👨‍🍳Receitas: Sorvete de framboesa-preta (Na Cozinha Brasil),https://hortodidatico.ufsc.br/amora-preta-himalaia/;;;;;;;;;;;;
Rubus imperialis,Amora-do-mato; framboesa-de-cipó-verde.,Rosaceae,Trepadeira,Parte comestível – método de preparo,,https://hortodidatico.ufsc.br/amora-rosa/;;;;;;;;;;;;
Rubus rosifolius,Amora-vermelha; moranguinho-do-mato.,Rosaceae,Herbácea;" Subarbusto.,Parte comestível – método de preparo,""Receitas: Merengue de amora-silvestre (Oficina Cozinhando com PANC), Bolinho de fubá com amora-silvestre (Oficina Cozinhando com PANC)."",https://hortodidatico.ufsc.br/amora-silvestre-2/";;;;;;;;;;;
Morus alba,Amora-branca; amoreira-branca.,Moraceae,Arbustiva,Parte comestível – método de preparo,👨‍🍳Receitas:,https://hortodidatico.ufsc.br/amora-verde/;;;;;;;;;;;;
Ananas bracteatus,Naná; ananás; abacaxi-do-mato; gravatá; ananás-de cerca-vermelho.,Bromeliaceae,Herbácea,Parte comestível – método de preparo,,https://hortodidatico.ufsc.br/anana/;;;;;;;;;
Tagetes minuta,Cravo-do-mato; cravo-de-defunto.,Asteraceae,Herbácea,Parte comestível – método de preparo,👨‍🍳Receitas: Salsa de tagetes com papas (Matos de Comer),https://hortodidatico.ufsc.br/andorinha-tagetes/;;;;;;;;;;;;
Eugenia stipitata,Arazá; Guayaba-brasileira; Arazá buey.,Myrtaceae,Arbustiva;" Arbórea.,Parte comestível – método de preparo,""👨‍🍳Receitas: Pudim de araçá-boi (Só Araçá), Creme de araçá-boi (Só Araçá), Doce de araçá-boi (Só Araçá)"",https://hortodidatico.ufsc.br/araca-boi/";;;;;;;;;;
Psidium cattleyanum,Araçá-de-coroa,Myrtaceae,Arbustiva; Arbórea.,Parte comestível – método de preparo,,https://hortodidatico.ufsc.br/araca/;;;;;;;;;;;;
Maranta arundinacea,Raruta; maranta.,Marantaceae,Herbácea,Parte comestível – método de preparo,,https://hortodidatico.ufsc.br/araruta-2/;;;;;;;;;;;;
Annona sylvatica,Cortiça;" biribá.,Annonaceae,Arbórea,Parte comestível – método de preparo,""👨‍🍳Receitas: Bolo (Infoteca), Doce pastoso (Infoteca), Doce em tablete (Infoteca), Geléia (Infoteca), Pudim (Infoteca) e Sorvete caseiro (Infoteca)."",https://hortodidatico.ufsc.br/araticum/";;;;;;;;;;;;
Araucaria angustifolia,Pinheiro; pinheiro-do-paraná; pinheiro-brasileiro; pinho; curi;" cuiúva.,Araucariaceae,Arbórea,Parte comestível – método de preparo,""👨‍🍳Receitas: Pinhão cozido (Receitas de mãe), Bolo de pinhão (Receitas de mãe)"",https://hortodidatico.ufsc.br/araucaria/";;;;;;;;
Schinus terebinthifolia,Pimenta-rosa; aroeira-pimenteira; aroeira-mansa; aroeira vermelha; aguaraíba.,Anacardiaceae,Arbustiva; Arbórea.,Parte comestível – método de preparo,👨‍🍳Receitas:,https://hortodidatico.ufsc.br/aroeira-panc/;;;;;;;;
Aloe vera,Erva-babosa; babosa-medicinal.,Asparagaceae,Herbácea,Parte comestível – método de preparo,👨‍🍳Receitas: Salada de Aloe vera com manga e suco de Aloe vera (Você Bonita),https://hortodidatico.ufsc.br/babosa-2/;;;;;;;;;;;;
Garcinia gardneriana,Achacha,Clusiaceae,Arbustiva; Arbórea.,Parte comestível – método de preparo,👨‍🍳Receitas: Pavê de bacupari (Tudo Gostoso),https://hortodidatico.ufsc.br/bacupari/;;;;;;;;;;;;
Posoqueria acutifolia,Fruto-de-macaco,Rubiaceae,Arbustiva;" Arbórea.,Parte comestível – método de preparo,""👨‍🍳Receitas: Sementes sucedâneas do café após torradas (KINUPP, 2007)"",https://hortodidatico.ufsc.br/baga-de-macaco/";;;;;;;;;;;;
Varronia curassavica,Erva-baleeira,Cordiaceae,Arbustiva,Parte comestível – método de preparo,👨‍🍳Receitas: Coxinha vegetariana funcional (Sabor de Fazenda),https://hortodidatico.ufsc.br/baleeira/;;;;;;;;;;;;;
"Dendrocalamus latiflorus,,Poaceae,Bambu,Parte comestível – método de preparo,""👨‍🍳Receitas: Quiche com broto de bambu, torta de frango com bambu, porco xadrez com bambu (Bambu SC)"",https://hortodidatico.ufsc.br/bambu-chines-grande/";;;;;;;;;;;;;
"Dendrocalamus asper,Bambu-áspero,Poaceae,Bambu,Parte comestível – método de preparo,""👨‍🍳Receitas: Quiche com broto de bambu, torta de frango com bambu, porco xadrez com bambu (Bambu SC)"",https://hortodidatico.ufsc.br/bambu-gigante/";;;;;;;;;;;;;
Phyllostachys aurea,Bambu-de-vara-depesca; bambu-de-jardim;" bambuzinho-amarelo.,Poaceae,Bambu,Parte comestível – método de preparo,""👨‍🍳Receitas: Quiche com broto de bambu, torta de frango com bambu, porco xadrez com bambu (Bambu SC)"",https://hortodidatico.ufsc.br/bambui/";;;;;;;;;;;
Tropaeolum tuberosum,,Tropaeolaceae,Herbácea,Parte comestível – método de preparo,👨‍🍳 Receitas: Sopa de Mashua (Receta Andinas),https://hortodidatico.ufsc.br/batata-colombiana-mashua/;;;;;;;;;;;;;
Arctium lappa,Carrapicho-grande; labaça; orelha-de-gigante; pega-pega;" gobó.,Asteraceae,Herbácea,Parte comestível – método de preparo,""KINUPP, V. F. et al. Plantas Alimentícias Não Convencionais (PANC) no Brasil: guia de identificação, aspectos nutricionais e receitas ilustradas. São Paulo: Instituto Plantarum de Estudos de Flora, 2014."",https://hortodidatico.ufsc.br/bardana-2/";;;;;;;;;
Portulaca oleracea,Caaponga; verdolaga; porcelana;" beldroega-da-horta.,Portulacaceae,Herbácea,Parte comestível – método de preparo,""KINUPP, V. F. et al. Plantas Alimentícias Não Convencionais (PANC) no Brasil: guia de identificação, aspectos nutricionais e receitas ilustradas. São Paulo: Instituto Plantarum de Estudos de Flora, 2014."",https://hortodidatico.ufsc.br/beldroega-2/";;;;;;;;;;
Talinum paniculatum,Major-gomes; maria-gorda; maria gomes; bredo; língua de vaca;" joão gomes.,Talinaceae,Herbácea,Parte comestível – método de preparo,""KINUPP, V. F. et al. Plantas Alimentícias Não Convencionais (PANC) no Brasil: guia de identificação, aspectos nutricionais e receitas ilustradas. São Paulo: Instituto Plantarum de Estudos de Flora, 2014."",https://hortodidatico.ufsc.br/beldroegao/";;;;;;;;
Annona mucosa,Araticum; fruta-do-conde;" frutada-condessa.,Annonaceae,Arbórea,Parte comestível – método de preparo,""KINUPP, V. F. et al. Plantas Alimentícias Não Convencionais (PANC) no Brasil: guia de identificação, aspectos nutricionais e receitas ilustradas. São Paulo: Instituto Plantarum de Estudos de Flora, 2014."",https://hortodidatico.ufsc.br/biriba/";;;;;;;;;;;
Anredera cordifolia,Bertalha-coração; basela; cipó-babão; folha-santa;" trepadeira-mimosa.,Basellaceae,Trepadeira,Parte comestível – método de preparo,""KINUPP, V. F. et al. Plantas Alimentícias Não Convencionais (PANC) no Brasil: guia de identificação, aspectos nutricionais e receitas ilustradas. São Paulo: Instituto Plantarum de Estudos de Flora, 2014."",https://hortodidatico.ufsc.br/bertalha/";;;;;;;;;
Antirrhinum majus,Bocas-de-lobo,Plantaginaceae,Herbácea,Parte comestível – método de preparo,👨‍🍳Receitas: Utilizar em saladas e para decoração de outros pratos (Sabor de Fazenda).,https://hortodidatico.ufsc.br/boca-de-leao/;;;;;;;;;;;;;
Rotheca myricoides,Flor-borboleta; borboleta-azul.,Lamiaceae,Arbustiva,Parte comestível – método de preparo,,https://hortodidatico.ufsc.br/borboleteira/;;;;;;;;;;;;
Fuchsia hybrida,Lágrima; fucsia.,Onagraceae,Arbustiva,Parte comestível – método de preparo,,https://hortodidatico.ufsc.br/brinco-de-princesa/;;;;;;;;;;;;
Aechmea nudicaulis,Gravatá-de-pedra; caraguatá-de-pedra.,Bromeliaceae,Herbácea,Parte comestível – método de preparo,,https://hortodidatico.ufsc.br/bromelia-chup-chup/;;;;;;;;;;;;
Luffa cylindrica,Bucha-lisa; esponja; bucha-dos-paulista;" quingombô-grande.,Cucurbitaceae,Trepadeira,Parte comestível – método de preparo,""KINUPP, V. F. et al. Plantas Alimentícias Não Convencionais (PANC) no Brasil: guia de identificação, aspectos nutricionais e receitas ilustradas. São Paulo: Instituto Plantarum de Estudos de Flora, 2014."",https://hortodidatico.ufsc.br/bucha/";;;;;;;;;;
"Butia catarinensis,,Arecaceae,Palmeira,Parte comestível – método de preparo,""KINUPP, V. F. et al. Plantas Alimentícias Não Convencionais (PANC) no Brasil: guia de identificação, aspectos nutricionais e receitas ilustradas. São Paulo: Instituto Plantarum de Estudos de Flora, 2014."",https://hortodidatico.ufsc.br/butia-da-praia/";;;;;;;;;;;;;
Myrciaria glazioviana,Vassourinha-da-praia; peludinha; guapirijuba.,Myrtaceae,Arbórea,Parte comestível – método de preparo,👨‍🍳Receitas: Licor de cabeludinha (John e Dil Caseiros e Artesanais),https://hortodidatico.ufsc.br/cabeludinha/;;;;;;;;;;;
Rhipsalis teres,Ripsális; cacto-corrente.,Cactaceae,Herbácea;" Subarbustiva.,Parte comestível – método de preparo,""👨‍🍳Receitas: O fruto é utilizado como decoração para confeitaria, polpas, sorvetes e sucos. (Matos de Comer)"",https://hortodidatico.ufsc.br/cacto-macarrao/";;;;;;;;;;;
Brasiliopuntia brasiliensis,Palmatória; jurubeba; ambeba.,Cactaceae,Arbustiva; Arbórea.,Parte comestível – método de preparo,👨‍🍳Receitas: O fruto é consumido in natura ou utilizado para geléias e doces (Matos de Comer),https://hortodidatico.ufsc.br/cacto-pe-de-mamao/;;;;;;;;;;
Muntingia calabura,Tamauã,Muntingiaceae,Arbórea,Parte comestível – método de preparo,👨‍🍳Receitas: Fígado de pato com molho de cebola e calabura (Come-se),https://hortodidatico.ufsc.br/calabura/;;;;;;;;;;;;;
Spondias dulcis,Cajarana; taperebá-do-sertão;" ambarella.,Anacardiaceae,Arbórea,Parte comestível – método de preparo,""KINUPP, V. F. et al. Plantas Alimentícias Não Convencionais (PANC) no Brasil: guia de identificação, aspectos nutricionais e receitas ilustradas. São Paulo: Instituto Plantarum de Estudos de Flora, 2014."",https://hortodidatico.ufsc.br/caja-manga/";;;;;;;;;;;
Calendula officinalis,Bem-me-quer; mal-me-quer; maravilha; margarida.,Asteraceae,Herbácea,Parte comestível – método de preparo,👨‍🍳Receitas: Salada de arroz com calêndula (Receitas Folha),https://hortodidatico.ufsc.br/calendula-2/;;;;;;;;;;
Plinia edulis,Cambucazeiro; cambucá-verdadeiro.,Myrtaceae,Arbórea,Parte comestível – método de preparo,👨‍🍳Receitas: Compota de cambucá (Cozinha Santa),https://hortodidatico.ufsc.br/cambuca/;;;;;;;;;;;;
Campomanesia phaea,Cambucizeiro; ubucambuci; camuci; camoti;" camocim.,Myrtaceae,Arbórea,Parte comestível – método de preparo,""KINUPP, V. F. et al. Plantas Alimentícias Não Convencionais (PANC) no Brasil: guia de identificação, aspectos nutricionais e receitas ilustradas. São Paulo: Instituto Plantarum de Estudos de Flora, 2014."",https://hortodidatico.ufsc.br/cambuci/";;;;;;;;;
Dovyalis hebecarpa,Groselha-do-Ceilão; abricóda-Flórida.,Salicaceae,Arbustiva;" Arbórea.,Parte comestível – método de preparo,""KINUPP, V. F. et al. Plantas Alimentícias Não Convencionais (PANC) no Brasil: guia de identificação, aspectos nutricionais e receitas ilustradas. São Paulo: Instituto Plantarum de Estudos de Flora, 2014."",https://hortodidatico.ufsc.br/campari/";;;;;;;;;;;
Canna indica,Ararutão; aquira; cana comestível;" achira.,Cannaceae,Herbácea,Parte comestível – método de preparo,""KINUPP, V. F. et al. Plantas Alimentícias Não Convencionais (PANC) no Brasil: guia de identificação, aspectos nutricionais e receitas ilustradas. São Paulo: Instituto Plantarum de Estudos de Flora, 2014."",https://hortodidatico.ufsc.br/cana-do-brejo-biri/";;;;;;;;;;
Costus spiralis,Cana-de-macaco; cana-do-mato.,Costaceae,Herbácea,Parte comestível – método de preparo,👨‍🍳Receitas: Molho picante de cana do brejo (Nutrir),https://hortodidatico.ufsc.br/cana-do-brejo/;;;;;;;;;;;;
Elionurus muticus,Capinzinho-cidreira; capim-cidreira-fino; capim-limão-fino; capim-carona.,Poaceae,Herbácea,Parte comestível – método de preparo,,https://hortodidatico.ufsc.br/capim-cidreira/;;;;;;;;;;
Dioscorea alata,Cará-roxo; cará-de-asa;" cará-roxo-do-ar.,Dioscoreaceae,Trepadeira,Parte comestível – método de preparo,""KINUPP, V. F. et al. Plantas Alimentícias Não Convencionais (PANC) no Brasil: guia de identificação, aspectos nutricionais e receitas ilustradas. São Paulo: Instituto Plantarum de Estudos de Flora, 2014."",https://hortodidatico.ufsc.br/cara-da-terra/";;;;;;;;;;;
Dioscorea bulbifera,Cará-do-ar;" batata-do-ar.,Dioscoreaceae,Trepadeira,Parte comestível – método de preparo,""KINUPP, V. F. et al. Plantas Alimentícias Não Convencionais (PANC) no Brasil: guia de identificação, aspectos nutricionais e receitas ilustradas. São Paulo: Instituto Plantarum de Estudos de Flora, 2014."",https://hortodidatico.ufsc.br/cara-moela/";;;;;;;;;;;;
Bromelia antiacantha,Gravatá-da-praia; naná-de-raposa; bananinha-do-mato;" gravatá.,Bromeliaceae,Herbácea,Parte comestível – método de preparo,""KINUPP, V. F. et al. Plantas Alimentícias Não Convencionais (PANC) no Brasil: guia de identificação, aspectos nutricionais e receitas ilustradas. São Paulo: Instituto Plantarum de Estudos de Flora, 2014."",https://hortodidatico.ufsc.br/caraguata/";;;;;;;;;;
Amaranthus viridis,Caruru-de-mancha; caruru-verde.,Amaranthaceae,Herbácea,Parte comestível – método de preparo,👨‍🍳Receitas: Omelete de caruru (Tua Saúde); Torta de PANC (Tua Saúde); Sal de caruru (Nutrir),https://hortodidatico.ufsc.br/caruru/;;;;;;;;;;
Pachira glabra,Cacau-do-Maranhão; castanha-da-praia.,Malvaceae,Arbórea,Parte comestível – método de preparo,👨‍🍳Receitas: Cookies de castanha-do-maranhão (Petit Chef),https://hortodidatico.ufsc.br/castanha-do-maranhao-2/;;;;;;;;;;;;
Eugenia involucrata,Cerejeira; cereja-do-rio-grande.,Myrtaceae,Arbórea; Arbustiva; Subarbustiva.,Parte comestível – método de preparo,👨‍🍳Receitas: Cuscuz de cereja-do-rio-grande (Pág. 762) (Sabores e Aromas); Clafoutis de cereja-do-rio-grande (Pág. 786) (Sabores e Aromas); Torta de cereja-do-rio-grande (Pág. 814) (Sabores e Aromas),https://hortodidatico.ufsc.br/cereja-da-mata-atlantica/;;;;;;;;
Eugenia candolleana,Ameixa-do-Pará; Maria-preta.,Myrtaceae,Arbustiva; Arbórea.,Parte comestível – método de preparo,👨‍🍳Receitas: Cereja-de-joinville em calda (Come-se),https://hortodidatico.ufsc.br/cereja-de-joinville/;;;;;;;;;;;
Allophylus edulis,Fruta-de-paraó; vacum; quebra-queixo; chala-chala; fruta-de-pombo.,Sapindaceae,Arbustiva;" Arbórea.,Parte comestível – método de preparo,""KINUPP, V. F. et al. Plantas Alimentícias Não Convencionais (PANC) no Brasil: guia de identificação, aspectos nutricionais e receitas ilustradas. São Paulo: Instituto Plantarum de Estudos de Flora, 2014."",https://hortodidatico.ufsc.br/chal-chal/";;;;;;;;
Monstera deliciosa,Abacaxi-do-reino; banana-do-mato; banana-de-índio.,Araceae,Herbácea,Parte comestível – método de preparo,👨‍🍳Receitas: Compota de costela-de-adão (Come-se); Bolo de costela-de-adão (Chácara Ativa),https://hortodidatico.ufsc.br/costela-de-adao/;;;;;;;;;;
Cnidoscolus aconitifolius,Chayamansa; espinafre-arbóreo; espinafre-selvagem; urtiga-branca.,Euphorbiaceae,Arbustiva;" Arbórea.,Parte comestível – método de preparo,""KINUPP, V. F. et al. Plantas Alimentícias Não Convencionais (PANC) no Brasil: guia de identificação, aspectos nutricionais e receitas ilustradas. São Paulo: Instituto Plantarum de Estudos de Flora, 2014."",https://hortodidatico.ufsc.br/chaya-2/";;;;;;;;;
Citrus medica,Lima-vermelha; limão-doce; lima-doce; lima-de-umbigo;" lima-de-bico.,Rutaceae,Arbórea,""🍃Identificação botânica: Arbustos ou pequenas árvores. Ramos, botões de folhas e botões de flores arroxeados quando jovens. Ramos com espinhos de cerca de 4 cm. Folhas simples ou raramente 1-folioladas"; pecíolo curto, não alado; lâmina foliar elíptica a ovado-elíptica, 6-12 × 3-6 cm ou maior, margem serrilhada, ápice arredondado, obtuso ou raramente mucronado. Inflorescências axilares, com cerca de 12 flores ou, por vezes, flores solitárias. Flores bissexuais ou por vezes masculinas por aborto ± completo do pistilo. Pétalas 5, 1,5-2 cm. Estames 30-50. Ovário cilíndrico; estilete longo e espesso; estigma clavado. Fruto amarelo-pálido, elíptico a subgloboso, até 2 kg, superfície grosseira; pericarpo branco a amarelo-pálido e macio por dentro, mais espesso do que o sarcocarpo, removido com dificuldade; sarcocarpo com 10-15 segmentos, incolor, quase pelúcido a amarelo leitoso pálido, ácido a ligeiramente doce, perfumado. Sementes pequenas; revestimento da semente liso; embrião(ões) solitário(s) a vários;" cotilédones branco-leitosos. Fl. abril-maio, fr. Out-Nov. 2n = 18, 20. (World Flora Online)"",""KINUPP, V. F. et al. Plantas Alimentícias Não Convencionais (PANC) no Brasil: guia de identificação, aspectos nutricionais e receitas ilustradas. São Paulo: Instituto Plantarum de Estudos de Flora, 2014."",https://hortodidatico.ufsc.br/cidra/"
Clitoria ternatea,Cunhã; feijão-borboleta; ervilha-borboleta; ismênia;" palheteira.,Fabaceae,Trepadeira,Parte comestível – método de preparo,""KINUPP, V. F. et al. Plantas Alimentícias Não Convencionais (PANC) no Brasil: guia de identificação, aspectos nutricionais e receitas ilustradas. São Paulo: Instituto Plantarum de Estudos de Flora, 2014."",https://hortodidatico.ufsc.br/clitoria/";;;;;;;;;
Eryngium coronatum,Coentro-de-espinho;" língua-de-tucano.,Apiaceae,Herbácea,Parte comestível – método de preparo,""KINUPP, V. F. et al. Plantas Alimentícias Não Convencionais (PANC) no Brasil: guia de identificação, aspectos nutricionais e receitas ilustradas. São Paulo: Instituto Plantarum de Estudos de Flora, 2014."",https://hortodidatico.ufsc.br/coentrao/";;;;;;;;;;;;
Cosmos sulphureus,Áster-do-méxico; picão-grande.,Asteraceae,Herbácea,Parte comestível – método de preparo,,https://hortodidatico.ufsc.br/cosmos/;;;;;;;;;;;;
Youngia japonica,Barba-de-falcão,Asteraceae,Herbácea,Parte comestível – método de preparo,,https://hortodidatico.ufsc.br/crepe-do-japao/;;;;;;;;;;;;;
Dianthus caryophyllus,Cravo-branco; cravo.,Caryophyllaceae,Herbácea,Parte comestível – método de preparo,👨‍🍳Receitas: Patê de cravínea com queijo branco (Deborah Gaiotto),https://hortodidatico.ufsc.br/cravinea-comum/;;;;;;;;;;;;
Dahlia pinnata,Dalia-de-jardim; adália.,Asteraceae,Herbácea;" Subarbustiva.,Parte comestível – método de preparo,""KINUPP, V. F. et al. Plantas Alimentícias Não Convencionais (PANC) no Brasil: guia de identificação, aspectos nutricionais e receitas ilustradas. São Paulo: Instituto Plantarum de Estudos de Flora, 2014."",https://hortodidatico.ufsc.br/dalia/";;;;;;;;;;;
Epiphyllum oxypetalum,Cactoorquídea; pitainha.,Cactaceae,Herbácea,Parte comestível – método de preparo,,https://hortodidatico.ufsc.br/dama-da-noite/;;;;;;;;;;;;
Taraxacum officinale,Chicória-silvestre; taraxaco;" amargosa.,Asteraceae,Herbácea,Parte comestível – método de preparo,""KINUPP, V. F. et al. Plantas Alimentícias Não Convencionais (PANC) no Brasil: guia de identificação, aspectos nutricionais e receitas ilustradas. São Paulo: Instituto Plantarum de Estudos de Flora, 2014."",https://hortodidatico.ufsc.br/dente-de-leao-2/";;;;;;;;;;;
Drymaria cordata,Drimaria; cordão-de-sapo; erva-coração.,Caryophyllaceae,Herbácea,Parte comestível – método de preparo,,https://hortodidatico.ufsc.br/erva-de-jabuticaa/;;;;;;;;;;;
Vicia sativa,Ervilhaca-comum; ervilhaca.,Fabaceae,Trepadeira,Parte comestível – método de preparo,,https://hortodidatico.ufsc.br/ervilha-forrageira/;;;;;;;;;;;;
Alternanthera sessilis,Orelha-de-macaco;" espinafre-da-amazônia.,Amaranthaceae,Subarbustiva,Parte comestível – método de preparo,""KINUPP, V. F. et al. Plantas Alimentícias Não Convencionais (PANC) no Brasil: guia de identificação, aspectos nutricionais e receitas ilustradas. São Paulo: Instituto Plantarum de Estudos de Flora, 2014."",https://hortodidatico.ufsc.br/espinafre-amazonico/";;;;;;;;;;;;
Lippia dulcis,Hortelã-doce;" erva-doce-asteca.,Verbenaceae,Herbácea,Parte comestível – método de preparo,""KINUPP, V. F. et al. Plantas Alimentícias Não Convencionais (PANC) no Brasil: guia de identificação, aspectos nutricionais e receitas ilustradas. São Paulo: Instituto Plantarum de Estudos de Flora, 2014."",https://hortodidatico.ufsc.br/estevia-asteca/";;;;;;;;;;;;
Vigna unguiculata,Feijão-de-metro; feijão-de-praia; feijão-guaí; feijão-fradinho;" feijão-de-corda.,Fabaceae,Trepadeira,Parte comestível – método de preparo,""KINUPP, V. F. et al. Plantas Alimentícias Não Convencionais (PANC) no Brasil: guia de identificação, aspectos nutricionais e receitas ilustradas. São Paulo: Instituto Plantarum de Estudos de Flora, 2014."",https://hortodidatico.ufsc.br/feijao-caupi/";;;;;;;;;
Cajanus cajan,Ervilha-de-Angola; guando.,Fabaceae,Arbustiva,Parte comestível – método de preparo,,https://hortodidatico.ufsc.br/feijao-guandu/;;;;;;;;;;;;
Ficus enormis,,Moraceae,Arbórea,Parte comestível – método de preparo,,https://hortodidatico.ufsc.br/figueira-da-pedra/;;;;;;;;;;;;;
Vassobia breviflora,Grão-de-galo; esporão-de-galo; baga-de-jacu;" espinho-de-pomba.,Solanaceae,Arbustiva,Parte comestível – método de preparo,""KINUPP, V. F. et al. Plantas Alimentícias Não Convencionais (PANC) no Brasil: guia de identificação, aspectos nutricionais e receitas ilustradas. São Paulo: Instituto Plantarum de Estudos de Flora, 2014."",https://hortodidatico.ufsc.br/fruta-do-sabia/";;;;;;;;;;
Foeniculum vulgare,Ervadoce; falsa-erva-doce; falso-anis; fiolho;" funcho-italiano.,Apiaceae,Herbácea,Parte comestível – método de preparo,""KINUPP, V. F. et al. Plantas Alimentícias Não Convencionais (PANC) no Brasil: guia de identificação, aspectos nutricionais e receitas ilustradas. São Paulo: Instituto Plantarum de Estudos de Flora, 2014."",https://hortodidatico.ufsc.br/funcho-2/";;;;;;;;;
Eugenia catharinensis,Cabeludinha-de-Santa-Catarina; guamirim-da-folha-miúda.,Myrtaceae,Arbórea,Parte comestível – método de preparo,👨‍🍳Receitas: Geleia de guamirim (Receitas da Margô),https://hortodidatico.ufsc.br/guamirim/;;;;;;;;;;;;
Pelargonium graveolens,Malva; pelargônio.,Geraniaceae,Herbácea,Parte comestível – método de preparo,👨‍🍳Receitas: Geleia de gerânio (Peeters Place),https://hortodidatico.ufsc.br/geranio/;;;;;;;;;;;;
Stachytarpheta cayennensis,Gervão-azul; rincão.,Verbenaceae,Herbácea; Subarbusto.,Parte comestível – método de preparo,,https://hortodidatico.ufsc.br/gervao-roxo/;;;;;;;;;;;
Feijoa sellowiana,Goiabeira-domato; feijoa; quirina.,Myrtaceae,Arbustiva; Arbórea.,Parte comestível – método de preparo,👨‍🍳Receitas: Cuca com goiaba-serrana (Pág. 838) (Sabores e Aromas); Goiaba-serrana em calda (Pág. 798) (Sabores e Aromas); Bolo com goiaba-serrana (Pág 824) (Sabores e Aromas),https://hortodidatico.ufsc.br/goiaba-serrana/;;;;;;;;
Eugenia brasiliensis,Cumbixaba; Grumixaba.,Myrtaceae,Arbórea,Parte comestível – método de preparo,👨‍🍳Receitas: Cestinha de queijo com caramelo de grumixama (Pág. 536) (Sabores e Aromas); Filé suíno com molho de grumixama e purê de batata baroa (Pág. 578) (Sabores e Aromas); Granita de grumixama (Pág 658) (Sabores e Aromas); Pudim de tapioca com calda de grumixama (Pág. 666) (Sabores e Aromas),https://hortodidatico.ufsc.br/grumixama-2/;;;;;;;;;
"Myrcianthes pungens,""Guabiroba-açu, guajaraí-da-várzea, guabiju-açu."",Myrtaceae,Arbórea,Parte comestível – método de preparo,👨‍🍳Receitas: Licor de guabiju (Brasil Receitas),https://hortodidatico.ufsc.br/guabiju/";;;;;;;;;;;;;
Campomanesia reitziana,Guabirobeira; guabiroba-de-reitz;" guabiroba-morango.,Myrtaceae,Arbórea,Parte comestível – método de preparo,""👨‍🍳Receitas: Suco de guabiroba, geleia de guabiroba, sorvete de guabiroba, licor de guabiroba, filé de panga ao molho de guabiroba, bolo de guabiroba, pãozinho nó de guabiroba (Receiteria)"",https://hortodidatico.ufsc.br/guabiroba-crespa/";;;;;;;;;;;
Campomanesia littoralis,,Myrtaceae,Arbórea; Arbustiva; Subarbustiva.,Parte comestível – método de preparo,,https://hortodidatico.ufsc.br/guabiroba-da-praia/;;;;;;;;;;;
Campomanesia xanthocarpa,Guaviroveira; gabiroba; guabiroba-da-mata.,Myrtaceae,Arbórea,Parte comestível – método de preparo,👨‍🍳Receitas: Salada de lentilha com guabiroba (Pág. 730) (Sabores e Aromas); Sobrecoxa ao molho de guabiroba (Pág. 748) (Sabores e Aromas); Brownie de guabiroba (Pág. 782) (Sabores e Aromas),https://hortodidatico.ufsc.br/guabiroba-lisa/;;;;;;;;;
Hibiscus rosa-sinensis,Mimo-de-Vênus; hibisco-da-China; graxa-de-estudante;" papoula.,Malvaceae,Arbustiva,Parte comestível – método de preparo,""KINUPP, V. F. et al. Plantas Alimentícias Não Convencionais (PANC) no Brasil: guia de identificação, aspectos nutricionais e receitas ilustradas. São Paulo: Instituto Plantarum de Estudos de Flora, 2014."",https://hortodidatico.ufsc.br/hibisco/";;;;;;;;;;
Hydrocotyle bonariensis,Erva-do-capitão; chapéu-de-cobra.,Araliaceae,Herbácea,Parte comestível – método de preparo,,https://hortodidatico.ufsc.br/hidrocotiles/;;;;;;;;;;;;
Inga edulis,Ingá-cipó; ingá-macarrão; ingá-doce;" ingá-rabo-de-mico.,Fabaceae,Arbórea,Parte comestível – método de preparo,""KINUPP, V. F. et al. Plantas Alimentícias Não Convencionais (PANC) no Brasil: guia de identificação, aspectos nutricionais e receitas ilustradas. São Paulo: Instituto Plantarum de Estudos de Flora, 2014."",https://hortodidatico.ufsc.br/inga-de-metro/";;;;;;;;;;
Inga marginata,Ingá-mirim; ingá-beira-de-rio.,Fabaceae,Arbórea,Parte comestível – método de preparo,,https://hortodidatico.ufsc.br/inga-feijao/;;;;;;;;;;;;
Inga sessilis,Ingá; ingá-macaco.,Fabaceae,Arbórea,Parte comestível – método de preparo,👨‍🍳Receitas: Polpa usada para fazer sucos e sorvetes (Colecionando Frutas),https://hortodidatico.ufsc.br/inga-ferradura/;;;;;;;;;;;;
Colocasia esculenta v antiquorum,Inhame-do-brejo; inhame-rosa;" inhame-brabo.,Araceae,Herbácea,Parte comestível – método de preparo,""KINUPP, V. F. et al. Plantas Alimentícias Não Convencionais (PANC) no Brasil: guia de identificação, aspectos nutricionais e receitas ilustradas. São Paulo: Instituto Plantarum de Estudos de Flora, 2014."",https://hortodidatico.ufsc.br/inhame-de-porco/";;;;;;;;;;;
Colocasia esculenta,Inhame-chinês; inhame-japonês; inhame; taiá; taro;" inhame-roxo.,Araceae,Herbácea,Parte comestível – método de preparo,""KINUPP, V. F. et al. Plantas Alimentícias Não Convencionais (PANC) no Brasil: guia de identificação, aspectos nutricionais e receitas ilustradas. São Paulo: Instituto Plantarum de Estudos de Flora, 2014."",https://hortodidatico.ufsc.br/inhame-taro/";;;;;;;;
Handroanthus albus,Ipê-branco; ipê-da-serra.,Bignoniaceae,Arbórea,Parte comestível – método de preparo,,https://hortodidatico.ufsc.br/ipe-amarelo/;;;;;;;;;;;;
Handroanthus heptaphyllus,Ipê-roxo; ipê-preto.,Bignoniaceae,Arbórea,Parte comestível – método de preparo,,https://hortodidatico.ufsc.br/ipe-rosa/;;;;;;;;;;;;
Iresine diffusa,Coração-magoado; coração-de-Maria.,Amaranthaceae,Herbácea,Parte comestível – método de preparo,,https://hortodidatico.ufsc.br/iresine/;;;;;;;;;;;;
Piper gaudichaudianum,Pimenteira-do-mato; aperta-ruão.,Piperaceae,Arbustiva,Parte comestível – método de preparo,,https://hortodidatico.ufsc.br/jaborandi/;;;;;;;;;;;;
Syzygium cumini,Jamelão; jalão.,Myrtaceae,Arbórea,Parte comestível – método de preparo,👨‍🍳Receitas: Geleia de jambolão (Urbano),https://hortodidatico.ufsc.br/jambolao-2/;;;;;;;;;;;;
Acmella ciliata,Agrião-miúdo; jambuzinho.,Asteraceae,Herbácea,Parte comestível – método de preparo,,https://hortodidatico.ufsc.br/jambu-miudo/;;;;;;;;;;;;
Vasconcellea quercifolia,Mamão-do-mato; mamoeiro-do-mato; mamãozinho-do-mato.,Caricaceae,Arbustiva;" Arbórea.,Parte comestível – método de preparo,""KINUPP, V. F. et al. Plantas Alimentícias Não Convencionais (PANC) no Brasil: guia de identificação, aspectos nutricionais e receitas ilustradas. São Paulo: Instituto Plantarum de Estudos de Flora, 2014."",https://hortodidatico.ufsc.br/jaracatia/";;;;;;;;;;
Plumeria rubra,Pluméria;" árvore-pagode.,Apocynaceae,Arbusto,Parte comestível – método de preparo,""KINUPP, V. F. et al. Plantas Alimentícias Não Convencionais (PANC) no Brasil: guia de identificação, aspectos nutricionais e receitas ilustradas. São Paulo: Instituto Plantarum de Estudos de Flora, 2014."",https://hortodidatico.ufsc.br/jasmim-manga/";;;;;;;;;;;;
Syagrus romanzoffiana,Geriva;" jarobá.,Arecaceae,Palmeira,Parte comestível – método de preparo,""KINUPP, V. F. et al. Plantas Alimentícias Não Convencionais (PANC) no Brasil: guia de identificação, aspectos nutricionais e receitas ilustradas. São Paulo: Instituto Plantarum de Estudos de Flora, 2014."",https://hortodidatico.ufsc.br/jeriva/";;;;;;;;;;;;
Euterpe edulis,Palmito-juçara; içara; palmito-doce; ensarova; ripeira;" palmiteiro.,Arecaceae,Palmeira,Parte comestível – método de preparo,""KINUPP, V. F. et al. Plantas Alimentícias Não Convencionais (PANC) no Brasil: guia de identificação, aspectos nutricionais e receitas ilustradas. São Paulo: Instituto Plantarum de Estudos de Flora, 2014."",https://hortodidatico.ufsc.br/jucara/";;;;;;;;
Lablab purpureus,Feijão-lab-lab;" feijão-pedra.,Fabaceae,Trepadeira,Parte comestível – método de preparo,""KINUPP, V. F. et al. Plantas Alimentícias Não Convencionais (PANC) no Brasil: guia de identificação, aspectos nutricionais e receitas ilustradas. São Paulo: Instituto Plantarum de Estudos de Flora, 2014."",https://hortodidatico.ufsc.br/lab-lab/";;;;;;;;;;;;
Rumex obtusifolius,Paciência; labaça.,Polygonaceae,Herbácea,Parte comestível – método de preparo,👨‍🍳Receitas: Omelete de língua-de-vaca (Pág. 66) (Plantas Alimentícias Não Convencionais),https://hortodidatico.ufsc.br/lingua-de-vaca/;;;;;;;;;;;;
Coix lacryma-jobi,Capim-rosário; capiá.,Poaceae,Herbácea,Parte comestível – método de preparo,👨‍🍳Receitas: Pode ser moído até formar farinha e utilizado para fazer pão; Uma espécie de café é feita da semente tostada (Plants for a future).,https://hortodidatico.ufsc.br/lagrima-de-nossa-senhora-2/;;;;;;;;;;;
Callianthe striata,Abutilom; sininho; campainha.,Malvaceae,Arbustiva,Parte comestível – método de preparo,👨‍🍳Receitas: Doce envolto por lanterninha chinesa (PANClância),https://hortodidatico.ufsc.br/lanterninha-chinesa/;;;;;;;;;;;
Hedychium coronarium,Gengibre-do-brejo; açucena; jasmim-borboleta;" colônia.,Zingiberaceae,Herbácea,Parte comestível – método de preparo,""KINUPP, V. F. et al. Plantas Alimentícias Não Convencionais (PANC) no Brasil: guia de identificação, aspectos nutricionais e receitas ilustradas. São Paulo: Instituto Plantarum de Estudos de Flora, 2014."",https://hortodidatico.ufsc.br/lirio-do-brejo-2/";;;;;;;;;;
Solanum quitoense,Naranjilla; guinde.,Solanaceae,Herbácea; Arbustiva.,Parte comestível – método de preparo,👨‍🍳Receitas: Suco de lulo (Canal Wilson Evaristo),https://hortodidatico.ufsc.br/lulo/;;;;;;;;;;;
Malvaviscus arboreus,,Malvaceae,Arbustiva,Parte comestível – método de preparo,👨‍🍳Receitas: Pudim de malvaviscus (Pág. 88) (Plantas Alimentícias Não Convencionais),https://hortodidatico.ufsc.br/malvavisco/;;;;;;;;;;;;;
Passiflora caerulea,Maracujá-da-polpa-vermelha;" maracujá-de-cobra.,Passifloraceae,Trepadeira,Parte comestível – método de preparo,""👨‍🍳Receitas: Polpa vermelha consumida in natura, ou sob a forma de suco, mousse, creme e sorvete (KINUPP, 2007)"",https://hortodidatico.ufsc.br/maracuja-do-mato/";;;;;;;;;;;;
Passiflora alata,Flor-da-paixão; maracujá-açú.,Passifloraceae,Trepadeira,Parte comestível – método de preparo,👨‍🍳Receitas: Mousse de maracujá doce (Bora Provar),https://hortodidatico.ufsc.br/maracuja-doce/;;;;;;;;;;;;
Passiflora suberosa,Maracujá-rabo-de-baleia; maracujá-mirim.,Passifloraceae,Trepadeira,Parte comestível – método de preparo,,https://hortodidatico.ufsc.br/maracujazinho/;;;;;;;;;;;;
Passiflora elegans,Maracujá-de-estalo,Passifloraceae,Trepadeira,Parte comestível – método de preparo,,https://hortodidatico.ufsc.br/maracujina/;;;;;;;;;;;;;
Impatiens walleriana,Beijinho;" beijo-turco.,Balsaminaceae,Herbácea,Parte comestível – método de preparo,""KINUPP, V. F. et al. Plantas Alimentícias Não Convencionais (PANC) no Brasil: guia de identificação, aspectos nutricionais e receitas ilustradas. São Paulo: Instituto Plantarum de Estudos de Flora, 2014."",https://hortodidatico.ufsc.br/maria-sem-vergonha/";;;;;;;;;;;;
Coronopus didymus,Mentruz; mastruço; mentruz-rasteiro; mestruz; mastruz miúdo;" mentrusto.,Brassicaceae,Herbácea,Parte comestível – método de preparo,""KINUPP, V. F. et al. Plantas Alimentícias Não Convencionais (PANC) no Brasil: guia de identificação, aspectos nutricionais e receitas ilustradas. São Paulo: Instituto Plantarum de Estudos de Flora, 2014."",https://hortodidatico.ufsc.br/mastruz/";;;;;;;;
Solanum muricatum,Melão-peruano; pepino-doce.,Solanaceae,Arbustiva,Parte comestível – método de preparo,👨‍🍳Receitas: Suco de melão-andino (Ecos da Rede); Doce de melão-andino (Veggitable Blog).,https://hortodidatico.ufsc.br/melao-andino/;;;;;;;;;;;
Lippia alba,Melissa-da-mata-Atlântica; melissa-do-mato.,Verbenaceae,Arbustiva,Parte comestível – método de preparo,👨‍🍳Receitas: Suco de maracujá com melissa (Outra Cozinha),https://hortodidatico.ufsc.br/melissa-2/;;;;;;;;;;;;
Achillea millefolium,Mil-em-rama; nariz-sangrento.,Asteraceae,Herbácea; Subarbustiva.,Parte comestível – método de preparo,,https://hortodidatico.ufsc.br/mil-folhas-2/;;;;;;;;;;;
Potentilla indica,Morango-indiano,Rosaceae,Herbácea,Parte comestível – método de preparo,👨‍🍳Receitas: Bolo de chocolate com morango-indiano e cereja (Na Cozinha Brasil),https://hortodidatico.ufsc.br/morango-ornamental/;;;;;;;;;;;;;
Moringa oleifera,Quiabo-de-quina; cedro.,Moringaceae,Arbustiva;" Arbórea.,Parte comestível – método de preparo,""KINUPP, V. F. et al. Plantas Alimentícias Não Convencionais (PANC) no Brasil: guia de identificação, aspectos nutricionais e receitas ilustradas. São Paulo: Instituto Plantarum de Estudos de Flora, 2014."",https://hortodidatico.ufsc.br/moringa-2/";;;;;;;;;;;
Melothria pendula,Pepininho; pepino-bravo; pepino-silvestre;" taiuiá-miúdo.,Cucurbitaceae,Trepadeira,Parte comestível – método de preparo,""KINUPP, V. F. et al. Plantas Alimentícias Não Convencionais (PANC) no Brasil: guia de identificação, aspectos nutricionais e receitas ilustradas. São Paulo: Instituto Plantarum de Estudos de Flora, 2014."",https://hortodidatico.ufsc.br/pepiniculo/";;;;;;;;;;
"Raphanus sativus,""Rabanete-silvestre, rábano, nabo chinês, nabiça-selvagem."",Brassicaceae,Herbácea,Parte comestível – método de preparo,👨‍🍳Receitas: Molho com nabo forrageiro e amêndoas (Verdes Hábitos),https://hortodidatico.ufsc.br/nabo-forrageiro/";;;;;;;;;;;;;
Allium tuberosum,Cebolinha-achatada; cebolinha-chata; alho-de-folha;" alho-oriental.,Amaryllidaceae,Herbácea,Parte comestível – método de preparo,""KINUPP, V. F. et al. Plantas Alimentícias Não Convencionais (PANC) no Brasil: guia de identificação, aspectos nutricionais e receitas ilustradas. São Paulo: Instituto Plantarum de Estudos de Flora, 2014."",https://hortodidatico.ufsc.br/nira/";;;;;;;;;;
Aleurites moluccanus,Nogueira-de-iguape; noz-da-india;" noz-das-molucas.,Euphorbiaceae,Arbórea,Parte comestível – método de preparo,""KINUPP, V. F. et al. Plantas Alimentícias Não Convencionais (PANC) no Brasil: guia de identificação, aspectos nutricionais e receitas ilustradas. São Paulo: Instituto Plantarum de Estudos de Flora, 2014."",https://hortodidatico.ufsc.br/nogueira/";;;;;;;;;;;
Pereskia aculeata,Ora-pro-nobis-flor-branca; lobrobo; carne-de-pobre; mata-velha;" guaiapá.,Cactaceae,Trepadeira,Parte comestível – método de preparo,""KINUPP, V. F. et al. Plantas Alimentícias Não Convencionais (PANC) no Brasil: guia de identificação, aspectos nutricionais e receitas ilustradas. São Paulo: Instituto Plantarum de Estudos de Flora, 2014."",https://hortodidatico.ufsc.br/ora-pro-nobis-2/";;;;;;;;;
Pereskia grandifolia,Ora-pronobis-de-árvore; rosa-madeira; rosa-mole; groselha-da-América.,Cactaceae,Arbustiva;" Arbórea.,Parte comestível – método de preparo,""KINUPP, V. F. et al. Plantas Alimentícias Não Convencionais (PANC) no Brasil: guia de identificação, aspectos nutricionais e receitas ilustradas. São Paulo: Instituto Plantarum de Estudos de Flora, 2014."",https://hortodidatico.ufsc.br/ora-pro-nobis-rosa/";;;;;;;;;
Piper regnellii,Caapeba-de-folha-redonda; pariparoba-mansa.,Piperaceae,Arbustiva,Parte comestível – método de preparo,,https://hortodidatico.ufsc.br/pariparoba-lisa/;;;;;;;;;;;;
Stellaria media,Erva-de-galinha; morugem; morrião-de-passarinho; centochio;" esparguta.,Caryophyllaceae,Herbácea,Parte comestível – método de preparo,""KINUPP, V. F. et al. Plantas Alimentícias Não Convencionais (PANC) no Brasil: guia de identificação, aspectos nutricionais e receitas ilustradas. São Paulo: Instituto Plantarum de Estudos de Flora, 2014."",https://hortodidatico.ufsc.br/pega-pinto/";;;;;;;;;
Stachys byzantina,Orelha-de-lebre; orelha-de-cordeiro;" pulmonária.,Lamiaceae,Herbácea,Parte comestível – método de preparo,""KINUPP, V. F. et al. Plantas Alimentícias Não Convencionais (PANC) no Brasil: guia de identificação, aspectos nutricionais e receitas ilustradas. São Paulo: Instituto Plantarum de Estudos de Flora, 2014."",https://hortodidatico.ufsc.br/peixinho/";;;;;;;;;;;
Coccinia grandis,Pepino-vermelho;" mini-pepino.,Curcubitaceae,Trepadeira,Parte comestível – método de preparo,""KINUPP, V. F. et al. Plantas Alimentícias Não Convencionais (PANC) no Brasil: guia de identificação, aspectos nutricionais e receitas ilustradas. São Paulo: Instituto Plantarum de Estudos de Flora, 2014."",https://hortodidatico.ufsc.br/pepino-doce/";;;;;;;;;;;;
Pyrus pyrifolia,Pera-nashi;" nashi.,Rosaceae,Arbórea,Parte comestível – método de preparo,""👨‍🍳Receitas: Fruto consumido in natura, em saladas de fruta, tortas e assados (Plants for a Future)"",https://hortodidatico.ufsc.br/pera-asiatica/";;;;;;;;;;;;
Gomphrena globosa,Gonfrena; amaranto-globoso.,Amaranthaceae,Subarbustiva,Parte comestível – método de preparo,,https://hortodidatico.ufsc.br/perpetua/;;;;;;;;;;;;
Galinsoga parviflora,Guasca; fazendeiro; botão-de-ouro;" brinco-de-princesa.,Asteraceae,Herbácea,Parte comestível – método de preparo,""KINUPP, V. F. et al. Plantas Alimentícias Não Convencionais (PANC) no Brasil: guia de identificação, aspectos nutricionais e receitas ilustradas. São Paulo: Instituto Plantarum de Estudos de Flora, 2014."",https://hortodidatico.ufsc.br/picao-branco-2/";;;;;;;;;;
Solanum americanum,Erva-moura; maria-pretinha; caraxixá;" guaraquinha.,Solanaceae,Herbácea,Parte comestível – método de preparo,""KINUPP, V. F. et al. Plantas Alimentícias Não Convencionais (PANC) no Brasil: guia de identificação, aspectos nutricionais e receitas ilustradas. São Paulo: Instituto Plantarum de Estudos de Flora, 2014."",https://hortodidatico.ufsc.br/pimenta-de-galinha/";;;;;;;;;;
Bidens pilosa,Pico-pico; amor-seco; carrapicho-de-agulha; coambi;" fura-capa.,Asteraceae,Herbácea,Parte comestível – método de preparo,""KINUPP, V. F. et al. Plantas Alimentícias Não Convencionais (PANC) no Brasil: guia de identificação, aspectos nutricionais e receitas ilustradas. São Paulo: Instituto Plantarum de Estudos de Flora, 2014."",https://hortodidatico.ufsc.br/picao-preto-2/";;;;;;;;;
Capsicum praetermissum,Cumari; pimentinha.,Solanaceae,Arbustiva,Parte comestível – método de preparo,👨‍🍳Receitas: Molho de pimenta-cumari (Salô Gastrô),https://hortodidatico.ufsc.br/pimenta-de-passarinho/;;;;;;;;;;;;
Kalanchoe pinnata,Folha-da-fortuna; corama; courama; coirama; folha-de-pirarucu;" pirarucu.,Crassulaceae,Herbácea,Parte comestível – método de preparo,""KINUPP, V. F. et al. Plantas Alimentícias Não Convencionais (PANC) no Brasil: guia de identificação, aspectos nutricionais e receitas ilustradas. São Paulo: Instituto Plantarum de Estudos de Flora, 2014."",https://hortodidatico.ufsc.br/saiao/";;;;;;;;
Salicornia fruticosa,Planta-do-sal;" aspargos-do-mar.,Amaranthaceae,Herbácea,Parte comestível – método de preparo,""KINUPP, V. F. et al. Plantas Alimentícias Não Convencionais (PANC) no Brasil: guia de identificação, aspectos nutricionais e receitas ilustradas. São Paulo: Instituto Plantarum de Estudos de Flora, 2014."",https://hortodidatico.ufsc.br/salicornia/";;;;;;;;;;;;
Sonchus asper,Serralha-espinhenta; serralha-áspera.,Asteraceae,Herbácea,Parte comestível – método de preparo,👨‍🍳Receitas: Refogado de serralha (Vegetariano SP),https://hortodidatico.ufsc.br/serralha-de-espinho/;;;;;;;;;;;;
Sonchus oleraceus,Chicória-brava; serralha-branca; serralheira; serralha-lisa;" ciumo.,Asteraceae,Herbácea,Parte comestível – método de preparo,""KINUPP, V. F. et al. Plantas Alimentícias Não Convencionais (PANC) no Brasil: guia de identificação, aspectos nutricionais e receitas ilustradas. São Paulo: Instituto Plantarum de Estudos de Flora, 2014."",https://hortodidatico.ufsc.br/serralha-2/";;;;;;;;;
Sambucus australis,Acapora; Sabugueiro-do-Brasil.,Adoxaceae,Arbustiva; Arbórea.,Parte comestível – método de preparo,👨‍🍳Receitas: Licor de flor de sabugueiro (Cozinha da Lulu),https://hortodidatico.ufsc.br/sabugueiro-2/;;;;;;;;;;;
Xanthosoma violaceum,Taiá-açu; taiarana; taiá-uva; mangará; malanga;" taioba-verdadeira.,Araceae,Herbácea,Parte comestível – método de preparo,""KINUPP, V. F. et al. Plantas Alimentícias Não Convencionais (PANC) no Brasil: guia de identificação, aspectos nutricionais e receitas ilustradas. São Paulo: Instituto Plantarum de Estudos de Flora, 2014."",https://hortodidatico.ufsc.br/taioba-roxa/";;;;;;;;
Tagetes erecta,Cravo-de-defunto; cravo-africano.,Asteraceae,Herbácea,Parte comestível – método de preparo,,https://hortodidatico.ufsc.br/tagetes/;;;;;;;;;;;;
Typha domingensis,Paina-de-flexa; espadana; landim; capim-de-esteira;" totora.,Typhaceae,Herbácea,Parte comestível – método de preparo,""KINUPP, V. F. et al. Plantas Alimentícias Não Convencionais (PANC) no Brasil: guia de identificação, aspectos nutricionais e receitas ilustradas. São Paulo: Instituto Plantarum de Estudos de Flora, 2014."",https://hortodidatico.ufsc.br/taboa/";;;;;;;;;
Plantago major,Tanchagem;" platagem.,Plantaginaceae,Herbácea,Parte comestível – método de preparo,""KINUPP, V. F. et al. Plantas Alimentícias Não Convencionais (PANC) no Brasil: guia de identificação, aspectos nutricionais e receitas ilustradas. São Paulo: Instituto Plantarum de Estudos de Flora, 2014."",https://hortodidatico.ufsc.br/tansagem-2/";;;;;;;;;;;;
Oxalis tuberosa,Oca;" azedinha.,Oxalidaceae,Herbácea,Parte comestível – método de preparo,""👨‍🍳Receitas: Raiz preparada sob a forma de ensopado, cozida ou desidratada (Coisas da Roça)"",https://hortodidatico.ufsc.br/trevinho-batateiro/";;;;;;;;;;;;
Boehmeria caudata,Urtiga-mansa; assa-peixe; lixa-da-folha-larga; folha-de-santana.,Urticaceae,Arbustiva;" Subarbustiva.,Parte comestível – método de preparo,""KINUPP, V. F. et al. Plantas Alimentícias Não Convencionais (PANC) no Brasil: guia de identificação, aspectos nutricionais e receitas ilustradas. São Paulo: Instituto Plantarum de Estudos de Flora, 2014."",https://hortodidatico.ufsc.br/urtiga-2/";;;;;;;;;
Laportea aestuans,Urtiga; urtiga-vermelha.,Urticaceae,Arbustiva; Herbácea.,Parte comestível – método de preparo,,https://hortodidatico.ufsc.br/urtiga-de-jardim-2/;;;;;;;;;;;
Eugenia pyriformis,Uvalha; uvalha-do-campo.,Myrtaceae,Arbórea; Arbustiva; Subarbustiva.,Parte comestível – método de preparo,👨‍🍳Receitas: Beijinho de uvaia (Pág. 640) (Biodiversidade brasileira: sabores e aromas); Curau com uvaia (Pág. 652) (Biodiversidade brasileira: sabores e aromas); Filé suíno com molho de uvaia (Pág. 740) (Biodiversidade brasileira: sabores e aromas),https://hortodidatico.ufsc.br/uvaia/;;;;;;;;
Hovenia dulcis,Uva-japonesa; uva-chinesa;" mata-fome.,Rhamnaceae,Arbórea.,Parte comestível – método de preparo,""KINUPP, V. F. et al. Plantas Alimentícias Não Convencionais (PANC) no Brasil: guia de identificação, aspectos nutricionais e receitas ilustradas. São Paulo: Instituto Plantarum de Estudos de Flora, 2014."",https://hortodidatico.ufsc.br/uva-do-japao/";;;;;;;;;;;
Urera baccifera,Urtiga-roxa; urtiga-brava.,Urticaceae,Arbustiva;" Arbórea.,Parte comestível – método de preparo,""KINUPP, V. F. et al. Plantas Alimentícias Não Convencionais (PANC) no Brasil: guia de identificação, aspectos nutricionais e receitas ilustradas. São Paulo: Instituto Plantarum de Estudos de Flora, 2014."",https://hortodidatico.ufsc.br/urtigao/";;;;;;;;;;;
Hibiscus acetosella,Groselheira;" quiabo-roxo.,Malvaceae,Arbustiva,Parte comestível – método de preparo,""KINUPP, V. F. et al. Plantas Alimentícias Não Convencionais (PANC) no Brasil: guia de identificação, aspectos nutricionais e receitas ilustradas. São Paulo: Instituto Plantarum de Estudos de Flora, 2014."",https://hortodidatico.ufsc.br/vinagreira-2/";;;;;;;;;;;;
Smallanthus sonchifolius,Batata-yacon;" batata-do-diabético.,Asteraceae,Subarbustiva,Parte comestível – método de preparo,""KINUPP, V. F. et al. Plantas Alimentícias Não Convencionais (PANC) no Brasil: guia de identificação, aspectos nutricionais e receitas ilustradas. São Paulo: Instituto Plantarum de Estudos de Flora, 2014."",https://hortodidatico.ufsc.br/yacon-2/";;;;;;;;;;;;
Curcuma zedoaria,Falso-açafrão;" açafrão-da-mancha.,Zingiberaceae,Herbácea,Parte comestível – método de preparo,""KINUPP, V. F. et al. Plantas Alimentícias Não Convencionais (PANC) no Brasil: guia de identificação, aspectos nutricionais e receitas ilustradas. São Paulo: Instituto Plantarum de Estudos de Flora, 2014."",https://hortodidatico.ufsc.br/zedoaria/";;;;;;;;;;;;
